celsius, fahrenheit
-100.9,-149.62
-100.8,-149.44
-100.7,-149.26
-100.6,-149.08
-100.5,-148.9
-100.4,-148.72
-100.3,-148.54
-100.2,-148.36
-100.1,-148.18
-248
-99.9,-147.82
-99.8,-147.64
-99.7,-147.46
-99.6,-147.28
-99.5,-147.1
-99.4,-146.92
-99.3,-146.74
-99.2,-146.56
-99.1,-146.38
-99,-146.2
-98.9,-146.02
-98.8,-145.84
-98.7,-145.66
-98.6,-145.48
-98.5,-145.3
-98.4,-145.12
-98.3,-144.94
-98.2,-144.76
-98.1,-144.58
-98,-144.4
-97.9,-144.22
-97.8,-144.04
-97.7,-143.86
-97.6,-143.68
-97.5,-143.5
-97.4,-143.32
-97.3,-143.14
-97.2,-142.96
-97.1,-142.78
-97,-142.6
-96.9,-142.42
-96.8,-142.24
-96.7,-142.06
-96.6,-141.88
-96.5,-141.7
-96.4,-141.52
-96.3,-141.34
-96.2,-141.16
-96.1,-140.98
-96,-140.8
-95.9,-140.62
-95.8,-140.44
-95.7,-140.26
-95.6,-140.08
-95.5,-139.9
-95.4,-139.72
-95.3,-139.54
-95.2,-139.36
-95.1,-139.18
-234
-94.9,-138.82
-94.8,-138.64
-94.7,-138.46
-94.6,-138.28
-94.5,-138.1
-94.4,-137.92
-94.3,-137.74
-94.2,-137.56
-94.1,-137.38
-94,-137.2
-93.9,-137.02
-93.8,-136.84
-93.7,-136.66
-93.6,-136.48
-93.5,-136.3
-93.4,-136.12
-93.3,-135.94
-93.2,-135.76
-93.1,-135.58
-93,-135.4
-92.9,-135.22
-92.8,-135.04
-92.7,-134.86
-92.6,-134.68
-92.5,-134.5
-92.4,-134.32
-92.3,-134.14
-92.2,-133.96
-92.1,-133.78
-92,-133.6
-91.9,-133.42
-91.8,-133.24
-91.7,-133.06
-91.6,-132.88
-91.5,-132.7
-91.4,-132.52
-91.3,-132.34
-91.2,-132.16
-91.1,-131.98
-91,-131.8
-90.9,-131.62
-90.8,-131.44
-90.7,-131.26
-90.6,-131.08
-90.5,-130.9
-90.4,-130.72
-90.3,-130.54
-90.2,-130.36
-90.1,-130.18
-220
-89.9,-129.82
-89.8,-129.64
-89.7,-129.46
-89.6,-129.28
-89.5,-129.1
-89.4,-128.92
-89.3,-128.74
-89.2,-128.56
-89.1,-128.38
-89,-128.2
-88.9,-128.02
-88.8,-127.84
-88.7,-127.66
-88.6,-127.48
-88.5,-127.3
-88.4,-127.12
-88.3,-126.94
-88.2,-126.76
-88.1,-126.58
-88,-126.4
-87.9,-126.22
-87.8,-126.04
-87.7,-125.86
-87.6,-125.68
-87.5,-125.5
-87.4,-125.32
-87.3,-125.14
-87.2,-124.96
-87.1,-124.78
-87,-124.6
-86.9,-124.42
-86.8,-124.24
-86.7,-124.06
-86.6,-123.88
-86.5,-123.7
-86.4,-123.52
-86.3,-123.34
-86.2,-123.16
-86.1,-122.98
-86,-122.8
-85.9,-122.62
-85.8,-122.44
-85.7,-122.26
-85.6,-122.08
-85.5,-121.9
-85.4,-121.72
-85.3,-121.54
-85.2,-121.36
-85.1,-121.18
-206
-84.9,-120.82
-84.8,-120.64
-84.7,-120.46
-84.6,-120.28
-84.5,-120.1
-84.4,-119.92
-84.3,-119.74
-84.2,-119.56
-84.1,-119.38
-84,-119.2
-83.9,-119.02
-83.8,-118.84
-83.7,-118.66
-83.6,-118.48
-83.5,-118.3
-83.4,-118.12
-83.3,-117.94
-83.2,-117.76
-83.1,-117.58
-83,-117.4
-82.9,-117.22
-82.8,-117.04
-82.7,-116.86
-82.6,-116.68
-82.5,-116.5
-82.4,-116.32
-82.3,-116.14
-82.2,-115.96
-82.1,-115.78
-82,-115.6
-81.9,-115.42
-81.8,-115.24
-81.7,-115.06
-81.6,-114.88
-81.5,-114.7
-81.4,-114.52
-81.3,-114.34
-81.2,-114.16
-81.1,-113.98
-81,-113.8
-80.9,-113.62
-80.8,-113.44
-80.7,-113.26
-80.6,-113.08
-80.5,-112.9
-80.4,-112.72
-80.3,-112.54
-80.2,-112.36
-80.1,-112.18
-192
-79.9,-111.82
-79.8,-111.64
-79.7,-111.46
-79.6,-111.28
-79.5,-111.1
-79.4,-110.92
-79.3,-110.74
-79.2,-110.56
-79.1,-110.38
-79,-110.2
-78.9,-110.02
-78.8,-109.84
-78.7,-109.66
-78.6,-109.48
-78.5,-109.3
-78.4,-109.12
-78.3,-108.94
-78.2,-108.76
-78.1,-108.58
-78,-108.4
-77.9,-108.22
-77.8,-108.04
-77.7,-107.86
-77.6,-107.68
-77.5,-107.5
-77.4,-107.32
-77.3,-107.14
-77.2,-106.96
-77.1,-106.78
-77,-106.6
-76.9,-106.42
-76.8,-106.24
-76.7,-106.06
-76.6,-105.88
-76.5,-105.7
-76.4,-105.52
-76.3,-105.34
-76.2,-105.16
-76.1,-104.98
-76,-104.8
-75.9,-104.62
-75.8,-104.44
-75.7,-104.26
-75.6,-104.08
-75.5,-103.9
-75.4,-103.72
-75.3,-103.54
-75.2,-103.36
-75.1,-103.18
-178
-74.9,-102.82
-74.8,-102.64
-74.7,-102.46
-74.6,-102.28
-74.5,-102.1
-74.4,-101.92
-74.3,-101.74
-74.2,-101.56
-74.1,-101.38
-74,-101.2
-73.9,-101.02
-73.8,-100.84
-73.7,-100.66
-73.6,-100.48
-73.5,-100.3
-73.4,-100.12
-73.3,-99.94
-73.2,-99.76
-73.1,-99.58
-73,-99.4
-72.9,-99.22
-72.8,-99.04
-72.7,-98.86
-72.6,-98.68
-72.5,-98.5
-72.4,-98.32
-72.3,-98.14
-72.2,-97.96
-72.1,-97.78
-72,-97.6
-71.9,-97.42
-71.8,-97.24
-71.7,-97.06
-71.6,-96.88
-71.5,-96.7
-71.4,-96.52
-71.3,-96.34
-71.2,-96.16
-71.1,-95.98
-71,-95.8
-70.9,-95.62
-70.8,-95.44
-70.7,-95.26
-70.6,-95.08
-70.5,-94.9
-70.4,-94.72
-70.3,-94.54
-70.2,-94.36
-70.1,-94.18
-164
-69.9,-93.82
-69.8,-93.64
-69.7,-93.46
-69.6,-93.28
-69.5,-93.1
-69.4,-92.92
-69.3,-92.74
-69.2,-92.56
-69.1,-92.38
-69,-92.2
-68.9,-92.02
-68.8,-91.84
-68.7,-91.66
-68.6,-91.48
-68.5,-91.3
-68.4,-91.12
-68.3,-90.94
-68.2,-90.76
-68.1,-90.58
-68,-90.4
-67.9,-90.22
-67.8,-90.04
-67.7,-89.86
-67.6,-89.68
-67.5,-89.5
-67.4,-89.32
-67.3,-89.14
-67.2,-88.96
-67.1,-88.78
-67,-88.6
-66.9,-88.42
-66.8,-88.24
-66.7,-88.06
-66.6,-87.88
-66.5,-87.7
-66.4,-87.52
-66.3,-87.34
-66.2,-87.16
-66.1,-86.98
-66,-86.8
-65.9,-86.62
-65.8,-86.44
-65.7,-86.26
-65.6,-86.08
-65.5,-85.9
-65.4,-85.72
-65.3,-85.54
-65.2,-85.36
-65.1,-85.18
-150
-64.9,-84.82
-64.8,-84.64
-64.7,-84.46
-64.6,-84.28
-64.5,-84.1
-64.4,-83.92
-64.3,-83.74
-64.2,-83.56
-64.1,-83.38
-64,-83.2
-63.9,-83.02
-63.8,-82.84
-63.7,-82.66
-63.6,-82.48
-63.5,-82.3
-63.4,-82.12
-63.3,-81.94
-63.2,-81.76
-63.1,-81.58
-63,-81.4
-62.9,-81.22
-62.8,-81.04
-62.7,-80.86
-62.6,-80.68
-62.5,-80.5
-62.4,-80.32
-62.3,-80.14
-62.2,-79.96
-62.1,-79.78
-62,-79.6
-61.9,-79.42
-61.8,-79.24
-61.7,-79.06
-61.6,-78.88
-61.5,-78.7
-61.4,-78.52
-61.3,-78.34
-61.2,-78.16
-61.1,-77.98
-61,-77.8
-60.9,-77.62
-60.8,-77.44
-60.7,-77.26
-60.6,-77.08
-60.5,-76.9
-60.4,-76.72
-60.3,-76.54
-60.2,-76.36
-60.1,-76.18
-136
-59.9,-75.82
-59.8,-75.64
-59.7,-75.46
-59.6,-75.28
-59.5,-75.1
-59.4,-74.92
-59.3,-74.74
-59.2,-74.56
-59.1,-74.38
-59,-74.2
-58.9,-74.02
-58.8,-73.84
-58.7,-73.66
-58.6,-73.48
-58.5,-73.3
-58.4,-73.12
-58.3,-72.94
-58.2,-72.76
-58.1,-72.58
-58,-72.4
-57.9,-72.22
-57.8,-72.04
-57.7,-71.86
-57.6,-71.68
-57.5,-71.5
-57.4,-71.32
-57.3,-71.14
-57.2,-70.96
-57.1,-70.78
-57,-70.6
-56.9,-70.42
-56.8,-70.24
-56.7,-70.06
-56.6,-69.88
-56.5,-69.7
-56.4,-69.52
-56.3,-69.34
-56.2,-69.16
-56.1,-68.98
-56,-68.8
-55.9,-68.62
-55.8,-68.44
-55.7,-68.26
-55.6,-68.08
-55.5,-67.9
-55.4,-67.72
-55.3,-67.54
-55.2,-67.36
-55.1,-67.18
-122
-54.9,-66.82
-54.8,-66.64
-54.7,-66.46
-54.6,-66.28
-54.5,-66.1
-54.4,-65.92
-54.3,-65.74
-54.2,-65.56
-54.1,-65.38
-54,-65.2
-53.9,-65.02
-53.8,-64.84
-53.7,-64.66
-53.6,-64.48
-53.5,-64.3
-53.4,-64.12
-53.3,-63.94
-53.2,-63.76
-53.1,-63.58
-53,-63.4
-52.9,-63.22
-52.8,-63.04
-52.7,-62.86
-52.6,-62.68
-52.5,-62.5
-52.4,-62.32
-52.3,-62.14
-52.2,-61.96
-52.1,-61.78
-52,-61.6
-51.9,-61.42
-51.8,-61.24
-51.7,-61.06
-51.6,-60.88
-51.5,-60.7
-51.4,-60.52
-51.3,-60.34
-51.2,-60.16
-51.1,-59.98
-51,-59.8
-50.9,-59.62
-50.8,-59.44
-50.7,-59.26
-50.6,-59.08
-50.5,-58.9
-50.4,-58.72
-50.3,-58.54
-50.2,-58.36
-50.1,-58.18
-108
-49.9,-57.82
-49.8,-57.64
-49.7,-57.46
-49.6,-57.28
-49.5,-57.1
-49.4,-56.92
-49.3,-56.74
-49.2,-56.56
-49.1,-56.38
-49,-56.2
-48.9,-56.02
-48.8,-55.84
-48.7,-55.66
-48.6,-55.48
-48.5,-55.3
-48.4,-55.12
-48.3,-54.94
-48.2,-54.76
-48.1,-54.58
-48,-54.4
-47.9,-54.22
-47.8,-54.04
-47.7,-53.86
-47.6,-53.68
-47.5,-53.5
-47.4,-53.32
-47.3,-53.14
-47.2,-52.96
-47.1,-52.78
-47,-52.6
-46.9,-52.42
-46.8,-52.24
-46.7,-52.06
-46.6,-51.88
-46.5,-51.7
-46.4,-51.52
-46.3,-51.34
-46.2,-51.16
-46.1,-50.98
-46,-50.8
-45.9,-50.62
-45.8,-50.44
-45.7,-50.26
-45.6,-50.08
-45.5,-49.9
-45.4,-49.72
-45.3,-49.54
-45.2,-49.36
-45.1,-49.18
-94
-44.9,-48.82
-44.8,-48.64
-44.7,-48.46
-44.6,-48.28
-44.5,-48.1
-44.4,-47.92
-44.3,-47.74
-44.2,-47.56
-44.1,-47.38
-44,-47.2
-43.9,-47.02
-43.8,-46.84
-43.7,-46.66
-43.6,-46.48
-43.5,-46.3
-43.4,-46.12
-43.3,-45.94
-43.2,-45.76
-43.1,-45.58
-43,-45.4
-42.9,-45.22
-42.8,-45.04
-42.7,-44.86
-42.6,-44.68
-42.5,-44.5
-42.4,-44.32
-42.3,-44.14
-42.2,-43.96
-42.1,-43.78
-42,-43.6
-41.9,-43.42
-41.8,-43.24
-41.7,-43.06
-41.6,-42.88
-41.5,-42.7
-41.4,-42.52
-41.3,-42.34
-41.2,-42.16
-41.1,-41.98
-41,-41.8
-40.9,-41.62
-40.8,-41.44
-40.7,-41.26
-40.6,-41.08
-40.5,-40.9
-40.4,-40.72
-40.3,-40.54
-40.2,-40.36
-40.1,-40.18
-80
-39.9,-39.82
-39.8,-39.64
-39.7,-39.46
-39.6,-39.28
-39.5,-39.1
-39.4,-38.92
-39.3,-38.74
-39.2,-38.56
-39.1,-38.38
-39,-38.2
-38.9,-38.02
-38.8,-37.84
-38.7,-37.66
-38.6,-37.48
-38.5,-37.3
-38.4,-37.12
-38.3,-36.94
-38.2,-36.76
-38.1,-36.58
-38,-36.4
-37.9,-36.22
-37.8,-36.04
-37.7,-35.86
-37.6,-35.68
-37.5,-35.5
-37.4,-35.32
-37.3,-35.14
-37.2,-34.96
-37.1,-34.78
-37,-34.6
-36.9,-34.42
-36.8,-34.24
-36.7,-34.06
-36.6,-33.88
-36.5,-33.7
-36.4,-33.52
-36.3,-33.34
-36.2,-33.16
-36.1,-32.98
-36,-32.8
-35.9,-32.62
-35.8,-32.44
-35.7,-32.26
-35.6,-32.08
-35.5,-31.9
-35.4,-31.72
-35.3,-31.54
-35.2,-31.36
-35.1,-31.18
-66
-34.9,-30.82
-34.8,-30.64
-34.7,-30.46
-34.6,-30.28
-34.5,-30.1
-34.4,-29.92
-34.3,-29.74
-34.2,-29.56
-34.1,-29.38
-34,-29.2
-33.9,-29.02
-33.8,-28.84
-33.7,-28.66
-33.6,-28.48
-33.5,-28.3
-33.4,-28.12
-33.3,-27.94
-33.2,-27.76
-33.1,-27.58
-33,-27.4
-32.9,-27.22
-32.8,-27.04
-32.7,-26.86
-32.6,-26.68
-32.5,-26.5
-32.4,-26.32
-32.3,-26.14
-32.2,-25.96
-32.1,-25.78
-32,-25.6
-31.9,-25.42
-31.8,-25.24
-31.7,-25.06
-31.6,-24.88
-31.5,-24.7
-31.4,-24.52
-31.3,-24.34
-31.2,-24.16
-31.1,-23.98
-31,-23.8
-30.9,-23.62
-30.8,-23.44
-30.7,-23.26
-30.6,-23.08
-30.5,-22.9
-30.4,-22.72
-30.3,-22.54
-30.2,-22.36
-30.1,-22.18
-52
-29.9,-21.82
-29.8,-21.64
-29.7,-21.46
-29.6,-21.28
-29.5,-21.1
-29.4,-20.92
-29.3,-20.74
-29.2,-20.56
-29.1,-20.38
-29,-20.2
-28.9,-20.02
-28.8,-19.84
-28.7,-19.66
-28.6,-19.48
-28.5,-19.3
-28.4,-19.12
-28.3,-18.94
-28.2,-18.76
-28.1,-18.58
-28,-18.4
-27.9,-18.22
-27.8,-18.04
-27.7,-17.86
-27.6,-17.68
-27.5,-17.5
-27.4,-17.32
-27.3,-17.14
-27.2,-16.96
-27.1,-16.78
-27,-16.6
-26.9,-16.42
-26.8,-16.24
-26.7,-16.06
-26.6,-15.88
-26.5,-15.7
-26.4,-15.52
-26.3,-15.34
-26.2,-15.16
-26.1,-14.98
-26,-14.8
-25.9,-14.62
-25.8,-14.44
-25.7,-14.26
-25.6,-14.08
-25.5,-13.9
-25.4,-13.72
-25.3,-13.54
-25.2,-13.36
-25.1,-13.18
-38
-24.9,-12.82
-24.8,-12.64
-24.7,-12.46
-24.6,-12.28
-24.5,-12.1
-24.4,-11.92
-24.3,-11.74
-24.2,-11.56
-24.1,-11.38
-24,-11.2
-23.9,-11.02
-23.8,-10.84
-23.7,-10.66
-23.6,-10.48
-23.5,-10.3
-23.4,-10.12
-23.3,-9.94
-23.2,-9.76
-23.1,-9.58
-23,-9.4
-22.9,-9.22
-22.8,-9.04
-22.7,-8.86
-22.6,-8.68
-22.5,-8.5
-22.4,-8.32
-22.3,-8.14
-22.2,-7.96
-22.1,-7.78
-22,-7.6
-21.9,-7.42
-21.8,-7.24
-21.7,-7.06
-21.6,-6.88
-21.5,-6.7
-21.4,-6.52
-21.3,-6.34
-21.2,-6.16
-21.1,-5.98
-21,-5.8
-20.9,-5.62
-20.8,-5.44
-20.7,-5.26
-20.6,-5.08
-20.5,-4.9
-20.4,-4.72
-20.3,-4.54
-20.2,-4.36
-20.1,-4.18
-24
-19.9,-3.82
-19.8,-3.64
-19.7,-3.46
-19.6,-3.28
-19.5,-3.1
-19.4,-2.92
-19.3,-2.74
-19.2,-2.56
-19.1,-2.38
-19,-2.2
-18.9,-2.02
-18.8,-1.84
-18.7,-1.66
-18.6,-1.48
-18.5,-1.3
-18.4,-1.12
-18.3,-0.94
-18.2,-0.76
-18.1,-0.58
-18,-0.4
-17.9,-0.22
-17.8,-0.04
-17.7,0.14
-17.6,0.32
-17.5,0.5
-17.4,0.68
-17.3,0.86
-17.2,44287
-17.1,1.22
-17,44287
-16.9,1.58
-16.8,1.76
-16.7,1.94
-16.6,44532
-16.5,44257
-16.4,2.48
-16.3,2.66
-16.2,2.84
-16.1,44230
-16,4423
-15.9,3.38
-15.8,3.56
-15.7,3.74
-15.6,3.92
-15.5,44200
-15.4,4.28
-15.3,4.46
-15.2,4.64
-15.1,4.82
-15,5
-14.9,5.18
-14.8,5.36
-14.7,5.54
-14.6,5.72
-14.5,44444
-14.4,44414
-14.3,6.26
-14.2,6.44
-14.1,6.62
-14,44414
-13.9,6.98
-13.8,7.16
-13.7,7.34
-13.6,7.52
-13.5,44384
-13.4,7.88
-13.3,44355
-13.2,8.24
-13.1,8.42
-13,44355
-12.9,8.78
-12.8,8.96
-12.7,9.14
-12.6,9.32
-12.5,44325
-12.4,9.68
-12.3,9.86
-12.2,44296
-12.1,10.22
-12,44296
-11.9,10.58
-11.8,10.76
-11.7,10.94
-11.6,44541
-11.5,44266
-11.4,11.48
-11.3,11.66
-11.2,11.84
-11.1,44239
-11,44239
-10.9,12.38
-10.8,12.56
-10.7,12.74
-10.6,12.92
-10.5,44209
-10.4,13.28
-10.3,13.46
-10.2,13.64
-10.1,13.82
-10,14
-9.9,14.18
-9.8,14.36
-9.7,14.54
-9.6,14.72
-9.5,44453
-9.4,44423
-9.3,15.26
-9.2,15.44
-9.1,15.62
-9,44423
-8.9,15.98
-8.8,16.16
-8.7,16.34
-8.6,16.52
-8.5,44393
-8.4,16.88
-8.3,44364
-8.2,17.24
-8.1,17.42
-8,44364
-7.9,17.78
-7.8,17.96
-7.7,18.14
-7.6,18.32
-7.5,44334
-7.4,18.68
-7.3,18.86
-7.2,44305
-7.1,19.22
-7,44305
-6.9,19.58
-6.8,19.76
-6.7,19.94
-6.6,44550
-6.5,44275
-6.4,20.48
-6.3,20.66
-6.2,20.84
-6.1,44248
-6,44248
-5.9,21.38
-5.8,21.56
-5.7,21.74
-5.6,21.92
-5.5,44218
-5.4,22.28
-5.3,22.46
-5.2,22.64
-5.1,22.82
-5,23
-4.9,23.18
-4.8,23.36
-4.7,23.54
-4.6,23.72
-4.5,44462
-4.4,44432
-4.3,24.26
-4.2,24.44
-4.1,24.62
-4,44432
-3.9,24.98
-3.8,25.16
-3.7,25.34
-3.6,25.52
-3.5,44402
-3.4,25.88
-3.3,44373
-3.2,26.24
-3.1,26.42
-3,44373
-2.9,26.78
-2.8,26.96
-2.7,27.14
-2.6,27.32
-2.5,44343
-2.4,27.68
-2.3,27.86
-2.2,44314
-2.1,28.22
-2,44314
-1.9,28.58
-1.8,28.76
-1.7,28.94
-1.6,44559
-1.5,44284
-1.4,29.48
-1.3,29.66
-1.2,29.84
-1.1,30.02
-1,30.2
-0.9,30.38
-0.8,30.56
-0.7,30.74
-0.6,30.92
-0.5,44227
-0.4,31.28
-0.3,31.46
-0.2,31.64
-0.1,31.82
0,32
0.1,32.18
0.2,32.36
0.3,32.54
0.4,32.72
0.5,32.9
0.6,33.08
0.7,33.26
0.8,33.44
0.9,33.62
1,33.8
44197,33.98
44228,34.16
44256,34.34
44287,34.52
44317,34.7
44348,34.88
44378,35.06
44409,35.24
44440,35.42
2,35.6
44198,35.78
44229,35.96
44257,36.14
44288,36.32
44318,36.5
44349,36.68
44379,36.86
44410,37.04
44441,37.22
3,37.4
44199,37.58
44230,37.76
44258,37.94
44289,38.12
44319,38.3
44350,38.48
44380,38.66
44411,38.84
44442,39.02
4,39.2
44200,39.38
44231,39.56
44259,39.74
44290,39.92
44320,40.1
44351,40.28
44381,40.46
44412,40.64
44443,40.82
5,41
44201,41.18
44232,41.36
44260,41.54
44291,41.72
44321,41.9
44352,42.08
44382,42.26
44413,42.44
44444,42.62
6,42.8
44202,42.98
44233,43.16
44261,43.34
44292,43.52
44322,43.7
44353,43.88
44383,44.06
44414,44.24
44445,44.42
7,44.6
44203,44.78
44234,44.96
44262,45.14
44293,45.32
44323,45.5
44354,45.68
44384,45.86
44415,46.04
44446,46.22
8,46.4
44204,46.58
44235,46.76
44263,46.94
44294,47.12
44324,47.3
44355,47.48
44385,47.66
44416,47.84
44447,48.02
9,48.2
44205,48.38
44236,48.56
44264,48.74
44295,48.92
44325,49.1
44356,49.28
44386,49.46
44417,49.64
44448,49.82
10,5
44206,50.18
44237,50.36
44265,50.54
44296,50.72
44326,50.9
44357,51.08
44387,51.26
44418,51.44
44449,51.62
11,51.8
44207,51.98
44238,52.16
44266,52.34
44297,52.52
44327,52.7
44358,52.88
44388,53.06
44419,53.24
44450,53.42
12,53.6
44208,53.78
44239,53.96
44267,54.14
44298,54.32
44328,54.5
44359,54.68
44389,54.86
44420,55.04
44451,55.22
13,55.4
44209,55.58
44240,55.76
44268,55.94
44299,56.12
44329,56.3
44360,56.48
44390,56.66
44421,56.84
44452,57.02
14,57.2
44210,57.38
44241,57.56
44269,57.74
44300,57.92
44330,58.1
44361,58.28
44391,58.46
44422,58.64
44453,58.82
15,59
44211,59.18
44242,59.36
44270,59.54
44301,59.72
44331,59.9
44362,60.08
44392,60.26
44423,60.44
44454,60.62
16,60.8
44212,60.98
44243,61.16
44271,61.34
44302,61.52
44332,61.7
44363,61.88
44393,62.06
44424,62.24
44455,62.42
17,62.6
44213,62.78
44244,62.96
44272,63.14
44303,63.32
44333,63.5
44364,63.68
44394,63.86
44425,64.04
44456,64.22
18,64.4
44214,64.58
44245,64.76
44273,64.94
44304,65.12
44334,65.3
44365,65.48
44395,65.66
44426,65.84
44457,66.02
19,66.2
44215,66.38
44246,66.56
44274,66.74
44305,66.92
44335,67.1
44366,67.28
44396,67.46
44427,67.64
44458,67.82
20,68
44216,68.18
44247,68.36
44275,68.54
44306,68.72
44336,68.9
44367,69.08
44397,69.26
44428,69.44
44459,69.62
21,69.8
44217,69.98
44248,70.16
44276,70.34
44307,70.52
44337,70.7
44368,70.88
44398,71.06
44429,71.24
44460,71.42
22,71.6
44218,71.78
44249,71.96
44277,72.14
44308,72.32
44338,72.5
44369,72.68
44399,72.86
44430,73.04
44461,73.22
23,73.4
44219,73.58
44250,73.76
44278,73.94
44309,74.12
44339,74.3
44370,74.48
44400,74.66
44431,74.84
44462,75.02
24,75.2
44220,75.38
44251,75.56
44279,75.74
44310,75.92
44340,76.1
44371,76.28
44401,76.46
44432,76.64
44463,76.82
25,77
44221,77.18
44252,77.36
44280,77.54
44311,77.72
44341,77.9
44372,78.08
44402,78.26
44433,78.44
44464,78.62
26,78.8
44222,78.98
44253,79.16
44281,79.34
44312,79.52
44342,79.7
44373,79.88
44403,80.06
44434,80.24
44465,80.42
27,80.6
44223,80.78
44254,80.96
44282,81.14
44313,81.32
44343,81.5
44374,81.68
44404,81.86
44435,82.04
44466,82.22
28,82.4
44224,82.58
44255,82.76
44283,82.94
44314,83.12
44344,83.3
44375,83.48
44405,83.66
44436,83.84
44467,84.02
29,84.2
44225,84.38
29.2,84.56
44284,84.74
44315,84.92
44345,85.1
44376,85.28
44406,85.46
44437,85.64
44468,85.82
30,86
44226,86.18
30.2,86.36
44285,86.54
44316,86.72
44346,86.9
44377,87.08
44407,87.26
44438,87.44
44469,87.62
31,87.8
44227,87.98
31.2,88.16
44286,88.34
31.4,88.52
44347,88.7
31.6,88.88
44408,89.06
44439,89.24
31.9,89.42
32,89.6
32.1,89.78
32.2,89.96
32.3,90.14
32.4,90.32
32.5,90.5
32.6,90.68
32.7,90.86
32.8,91.04
32.9,91.22
33,91.4
33.1,91.58
33.2,91.76
33.3,91.94
33.4,92.12
33.5,92.3
33.6,92.48
33.7,92.66
33.8,92.84
33.9,93.02
34,93.2
34.1,93.38
34.2,93.56
34.3,93.74
34.4,93.92
34.5,94.1
34.6,94.28
34.7,94.46
34.8,94.64
34.9,94.82
35,95
35.1,95.18
35.2,95.36
35.3,95.54
35.4,95.72
35.5,95.9
35.6,96.08
35.7,96.26
35.8,96.44
35.9,96.62
36,96.8
36.1,96.98
36.2,97.16
36.3,97.34
36.4,97.52
36.5,97.7
36.6,97.88
36.7,98.06
36.8,98.24
36.9,98.42
37,98.6
37.1,98.78
37.2,98.96
37.3,99.14
37.4,99.32
37.5,99.5
37.6,99.68
37.7,99.86
37.8,100.04
37.9,100.22
38,100.4
38.1,100.58
38.2,100.76
38.3,100.94
38.4,101.12
38.5,101.3
38.6,101.48
38.7,101.66
38.8,101.84
38.9,102.02
39,102.2
39.1,102.38
39.2,102.56
39.3,102.74
39.4,102.92
39.5,103.1
39.6,103.28
39.7,103.46
39.8,103.64
39.9,103.82
40,104
40.1,104.18
40.2,104.36
40.3,104.54
40.4,104.72
40.5,104.9
40.6,105.08
40.7,105.26
40.8,105.44
40.9,105.62
41,105.8
41.1,105.98
41.2,106.16
41.3,106.34
41.4,106.52
41.5,106.7
41.6,106.88
41.7,107.06
41.8,107.24
41.9,107.42
42,107.6
42.1,107.78
42.2,107.96
42.3,108.14
42.4,108.32
42.5,108.5
42.6,108.68
42.7,108.86
42.8,109.04
42.9,109.22
43,109.4
43.1,109.58
43.2,109.76
43.3,109.94
43.4,110.12
43.5,110.3
43.6,110.48
43.7,110.66
43.8,110.84
43.9,111.02
44,111.2
44.1,111.38
44.2,111.56
44.3,111.74
44.4,111.92
44.5,112.1
44.6,112.28
44.7,112.46
44.8,112.64
44.9,112.82
45,113
45.1,113.18
45.2,113.36
45.3,113.54
45.4,113.72
45.5,113.9
45.6,114.08
45.7,114.26
45.8,114.44
45.9,114.62
46,114.8
46.1,114.98
46.2,115.16
46.3,115.34
46.4,115.52
46.5,115.7
46.6,115.88
46.7,116.06
46.8,116.24
46.9,116.42
47,116.6
47.1,116.78
47.2,116.96
47.3,117.14
47.4,117.32
47.5,117.5
47.6,117.68
47.7,117.86
47.8,118.04
47.9,118.22
48,118.4
48.1,118.58
48.2,118.76
48.3,118.94
48.4,119.12
48.5,119.3
48.6,119.48
48.7,119.66
48.8,119.84
48.9,120.02
49,120.2
49.1,120.38
49.2,120.56
49.3,120.74
49.4,120.92
49.5,121.1
49.6,121.28
49.7,121.46
49.8,121.64
49.9,121.82
50,122
50.1,122.18
50.2,122.36
50.3,122.54
50.4,122.72
50.5,122.9
50.6,123.08
50.7,123.26
50.8,123.44
50.9,123.62
51,123.8
51.1,123.98
51.2,124.16
51.3,124.34
51.4,124.52
51.5,124.7
51.6,124.88
51.7,125.06
51.8,125.24
51.9,125.42
52,125.6
52.1,125.78
52.2,125.96
52.3,126.14
52.4,126.32
52.5,126.5
52.6,126.68
52.7,126.86
52.8,127.04
52.9,127.22
53,127.4
53.1,127.58
53.2,127.76
53.3,127.94
53.4,128.12
53.5,128.3
53.6,128.48
53.7,128.66
53.8,128.84
53.9,129.02
54,129.2
54.1,129.38
54.2,129.56
54.3,129.74
54.4,129.92
54.5,130.1
54.6,130.28
54.7,130.46
54.8,130.64
54.9,130.82
55,131
55.1,131.18
55.2,131.36
55.3,131.54
55.4,131.72
55.5,131.9
55.6,132.08
55.7,132.26
55.8,132.44
55.9,132.62
56,132.8
56.1,132.98
56.2,133.16
56.3,133.34
56.4,133.52
56.5,133.7
56.6,133.88
56.7,134.06
56.8,134.24
56.9,134.42
57,134.6
57.1,134.78
57.2,134.96
57.3,135.14
57.4,135.32
57.5,135.5
57.6,135.68
57.7,135.86
57.8,136.04
57.9,136.22
58,136.4
58.1,136.58
58.2,136.76
58.3,136.94
58.4,137.12
58.5,137.3
58.6,137.48
58.7,137.66
58.8,137.84
58.9,138.02
59,138.2
59.1,138.38
59.2,138.56
59.3,138.74
59.4,138.92
59.5,139.1
59.6,139.28
59.7,139.46
59.8,139.64
59.9,139.82
60,14
60.1,140.18
60.2,140.36
60.3,140.54
60.4,140.72
60.5,140.9
60.6,141.08
60.7,141.26
60.8,141.44
60.9,141.62
61,141.8
61.1,141.98
61.2,142.16
61.3,142.34
61.4,142.52
61.5,142.7
61.6,142.88
61.7,143.06
61.8,143.24
61.9,143.42
62,143.6
62.1,143.78
62.2,143.96
62.3,144.14
62.4,144.32
62.5,144.5
62.6,144.68
62.7,144.86
62.8,145.04
62.9,145.22
63,145.4
63.1,145.58
63.2,145.76
63.3,145.94
63.4,146.12
63.5,146.3
63.6,146.48
63.7,146.66
63.8,146.84
63.9,147.02
64,147.2
64.1,147.38
64.2,147.56
64.3,147.74
64.4,147.92
64.5,148.1
64.6,148.28
64.7,148.46
64.8,148.64
64.9,148.82
65,149
65.1,149.18
65.2,149.36
65.3,149.54
65.4,149.72
65.5,149.9
65.6,150.08
65.7,150.26
65.8,150.44
65.9,150.62
66,150.8
66.1,150.98
66.2,151.16
66.3,151.34
66.4,151.52
66.5,151.7
66.6,151.88
66.7,152.06
66.8,152.24
66.9,152.42
67,152.6
67.1,152.78
67.2,152.96
67.3,153.14
67.4,153.32
67.5,153.5
67.6,153.68
67.7,153.86
67.8,154.04
67.9,154.22
68,154.4
68.1,154.58
68.2,154.76
68.3,154.94
68.4,155.12
68.5,155.3
68.6,155.48
68.7,155.66
68.8,155.84
68.9,156.02
69,156.2
69.1,156.38
69.2,156.56
69.3,156.74
69.4,156.92
69.5,157.1
69.6,157.28
69.7,157.46
69.8,157.64
69.9,157.82
70,158
70.1,158.18
70.2,158.36
70.3,158.54
70.4,158.72
70.5,158.9
70.6,159.08
70.7,159.26
70.8,159.44
70.9,159.62
71,159.8
71.1,159.98
71.2,160.16
71.3,160.34
71.4,160.52
71.5,160.7
71.6,160.88
71.7,161.06
71.8,161.24
71.9,161.42
72,161.6
72.1,161.78
72.2,161.96
72.3,162.14
72.4,162.32
72.5,162.5
72.6,162.68
72.7,162.86
72.8,163.04
72.9,163.22
73,163.4
73.1,163.58
73.2,163.76
73.3,163.94
73.4,164.12
73.5,164.3
73.6,164.48
73.7,164.66
73.8,164.84
73.9,165.02
74,165.2
74.1,165.38
74.2,165.56
74.3,165.74
74.4,165.92
74.5,166.1
74.6,166.28
74.7,166.46
74.8,166.64
74.9,166.82
75,167
75.1,167.18
75.2,167.36
75.3,167.54
75.4,167.72
75.5,167.9
75.6,168.08
75.7,168.26
75.8,168.44
75.9,168.62
76,168.8
76.1,168.98
76.2,169.16
76.3,169.34
76.4,169.52
76.5,169.7
76.6,169.88
76.7,170.06
76.8,170.24
76.9,170.42
77,170.6
77.1,170.78
77.2,170.96
77.3,171.14
77.4,171.32
77.5,171.5
77.6,171.68
77.7,171.86
77.8,172.04
77.9,172.22
78,172.4
78.1,172.58
78.2,172.76
78.3,172.94
78.4,173.12
78.5,173.3
78.6,173.48
78.7,173.66
78.8,173.84
78.9,174.02
79,174.2
79.1,174.38
79.2,174.56
79.3,174.74
79.4,174.92
79.5,175.1
79.6,175.28
79.7,175.46
79.8,175.64
79.9,175.82
80,176
80.1,176.18
80.2,176.36
80.3,176.54
80.4,176.72
80.5,176.9
80.6,177.08
80.7,177.26
80.8,177.44
80.9,177.62
81,177.8
81.1,177.98
81.2,178.16
81.3,178.34
81.4,178.52
81.5,178.7
81.6,178.88
81.7,179.06
81.8,179.24
81.9,179.42
82,179.6
82.1,179.78
82.2,179.96
82.3,180.14
82.4,180.32
82.5,180.5
82.6,180.68
82.7,180.86
82.8,181.04
82.9,181.22
83,181.4
83.1,181.58
83.2,181.76
83.3,181.94
83.4,182.12
83.5,182.3
83.6,182.48
83.7,182.66
83.8,182.84
83.9,183.02
84,183.2
84.1,183.38
84.2,183.56
84.3,183.74
84.4,183.92
84.5,184.1
84.6,184.28
84.7,184.46
84.8,184.64
84.9,184.82
85,185
85.1,185.18
85.2,185.36
85.3,185.54
85.4,185.72
85.5,185.9
85.6,186.08
85.7,186.26
85.8,186.44
85.9,186.62
86,186.8
86.1,186.98
86.2,187.16
86.3,187.34
86.4,187.52
86.5,187.7
86.6,187.88
86.7,188.06
86.8,188.24
86.9,188.42
87,188.6
87.1,188.78
87.2,188.96
87.3,189.14
87.4,189.32
87.5,189.5
87.6,189.68
87.7,189.86
87.8,190.04
87.9,190.22
88,190.4
88.1,190.58
88.2,190.76
88.3,190.94
88.4,191.12
88.5,191.3
88.6,191.48
88.7,191.66
88.8,191.84
88.9,192.02
89,192.2
89.1,192.38
89.2,192.56
89.3,192.74
89.4,192.92
89.5,193.1
89.6,193.28
89.7,193.46
89.8,193.64
89.9,193.82
90,194
90.1,194.18
90.2,194.36
90.3,194.54
90.4,194.72
90.5,194.9
90.6,195.08
90.7,195.26
90.8,195.44
90.9,195.62
91,195.8
91.1,195.98
91.2,196.16
91.3,196.34
91.4,196.52
91.5,196.7
91.6,196.88
91.7,197.06
91.8,197.24
91.9,197.42
92,197.6
92.1,197.78
92.2,197.96
92.3,198.14
92.4,198.32
92.5,198.5
92.6,198.68
92.7,198.86
92.8,199.04
92.9,199.22
93,199.4
93.1,199.58
93.2,199.76
93.3,199.94
93.4,200.12
93.5,200.3
93.6,200.48
93.7,200.66
93.8,200.84
93.9,201.02
94,201.2
94.1,201.38
94.2,201.56
94.3,201.74
94.4,201.92
94.5,202.1
94.6,202.28
94.7,202.46
94.8,202.64
94.9,202.82
95,203
95.1,203.18
95.2,203.36
95.3,203.54
95.4,203.72
95.5,203.9
95.6,204.08
95.7,204.26
95.8,204.44
95.9,204.62
96,204.8
96.1,204.98
96.2,205.16
96.3,205.34
96.4,205.52
96.5,205.7
96.6,205.88
96.7,206.06
96.8,206.24
96.9,206.42
97,206.6
97.1,206.78
97.2,206.96
97.3,207.14
97.4,207.32
97.5,207.5
97.6,207.68
97.7,207.86
97.8,208.04
97.9,208.22
98,208.4
98.1,208.58
98.2,208.76
98.3,208.94
98.4,209.12
98.5,209.3
98.6,209.48
98.7,209.66
98.8,209.84
98.9,210.02
99,210.2
99.1,210.38
99.2,210.56
99.3,210.74
99.4,210.92
99.5,211.1
99.6,211.28
99.7,211.46
99.8,211.64
99.9,211.82
100,212
100.1,212.18
100.2,212.36
100.3,212.54
100.4,212.72
100.5,212.9
100.6,213.08
100.7,213.26
100.8,213.44
100.9,213.62
